city,city_ascii,lat,lng,country,iso2,iso3,admin_name,capital,population,id
Casablanca,Casablanca,33.5992,-7.62,Morocco,MA,MAR,Casablanca-Settat,admin,4370000.0,1504175315
El Kelaa des Srarhna,El Kelaa des Srarhna,32.05,-7.4,Morocco,MA,MAR,Marrakech-Safi,,1450021.0,1504846488
Fès,Fes,34.0433,-5.0033,Morocco,MA,MAR,Fès-Meknès,admin,1112072.0,1504861997
Rabat,Rabat,34.0253,-6.8361,Morocco,MA,MAR,Rabat-Salé-Kénitra,primary,572717.0,1504023252
Tifariti,Tifariti,26.0928,-10.6089,Morocco,MA,MAR,,primary,,1504999990
Tangier,Tangier,35.7767,-5.8039,Morocco,MA,MAR,Tanger-Tétouan-Al Hoceïma,admin,947952.0,1504861504
Marrakech,Marrakech,31.6295,-7.9811,Morocco,MA,MAR,Marrakech-Safi,admin,928850.0,1504172585
Sale,Sale,34.05,-6.8167,Morocco,MA,MAR,Rabat-Salé-Kénitra,,850403.0,1504989034
Meknès,Meknes,33.8833,-5.55,Morocco,MA,MAR,Fès-Meknès,,520428.0,1504333193
Kenitra,Kenitra,34.25,-6.5833,Morocco,MA,MAR,Rabat-Salé-Kénitra,,431282.0,1504534876
